{
	"credit": "Made with Blockbench",
	"elements": [
		{
			"name": "top",
			"from": [5, 21, 5],
			"to": [11, 22, 11],
			"rotation": {"angle": 0, "axis": "y", "origin": [13, 29, 13]},
			"faces": {
				"north": {"uv": [0, 0, 2, 1], "texture": "#missing"},
				"east": {"uv": [0, 0, 2, 1], "texture": "#missing"},
				"south": {"uv": [0, 0, 2, 1], "texture": "#missing"},
				"west": {"uv": [0, 0, 2, 1], "texture": "#missing"},
				"up": {"uv": [0, 0, 7, 7], "texture": "#missing"},
				"down": {"uv": [0, 0, 7, 7], "texture": "#missing"}
			}
		},
		{
			"name": "left",
			"from": [11, 14, 5],
			"to": [12, 22, 11],
			"rotation": {"angle": 0, "axis": "y", "origin": [19, 22, 13]},
			"faces": {
				"north": {"uv": [0, 0, 1, 2], "texture": "#missing"},
				"east": {"uv": [0, 0, 6, 8], "texture": "#missing"},
				"south": {"uv": [0, 0, 1, 4], "texture": "#missing"},
				"west": {"uv": [0, 0, 6, 8], "texture": "#missing"},
				"up": {"uv": [0, 10, 1, 16], "texture": "#missing"},
				"down": {"uv": [0, 0, 1, 6], "texture": "#missing"}
			}
		},
		{
			"name": "right",
			"from": [4, 14, 5],
			"to": [5, 22, 11],
			"rotation": {"angle": 0, "axis": "y", "origin": [12, 22, 13]},
			"faces": {
				"north": {"uv": [0, 0, 1, 4], "texture": "#missing"},
				"east": {"uv": [1, 0, 7, 8], "texture": "#missing"},
				"south": {"uv": [0, 0, 1, 4], "texture": "#missing"},
				"west": {"uv": [1, 0, 7, 8], "texture": "#missing"},
				"up": {"uv": [4, 10, 5, 16], "texture": "#missing"},
				"down": {"uv": [0, 0, 1, 6], "texture": "#missing"}
			}
		},
		{
			"name": "back",
			"from": [4, 14, 11],
			"to": [12, 22, 12],
			"rotation": {"angle": 0, "axis": "y", "origin": [12, 22, 19]},
			"faces": {
				"north": {"uv": [10, 10, 14, 14], "texture": "#missing"},
				"east": {"uv": [5, 5, 6, 13], "texture": "#missing"},
				"south": {"uv": [6, 6, 14, 14], "texture": "#missing"},
				"west": {"uv": [5, 5, 6, 13], "texture": "#missing"},
				"up": {"uv": [6, 4, 14, 5], "texture": "#missing"},
				"down": {"uv": [0, 0, 8, 1], "texture": "#missing"}
			}
		},
		{
			"name": "front",
			"from": [4, 14, 4],
			"to": [12, 22, 5],
			"rotation": {"angle": 0, "axis": "y", "origin": [12, 22, 12]},
			"faces": {
				"north": {"uv": [4, 4, 12, 12], "texture": "#missing"},
				"east": {"uv": [4, 0, 5, 8], "texture": "#missing"},
				"south": {"uv": [4, 4, 12, 12], "texture": "#missing"},
				"west": {"uv": [4, 0, 5, 8], "texture": "#missing"},
				"up": {"uv": [6, 0, 14, 1], "texture": "#missing"},
				"down": {"uv": [6, 0, 14, 1], "texture": "#missing"}
			}
		},
		{
			"name": "1tensal",
			"from": [8, 22, 8],
			"to": [10, 24, 10],
			"rotation": {"angle": 0, "axis": "y", "origin": [16, 30, 16]},
			"faces": {
				"north": {"uv": [0, 0, 4, 4], "texture": "#missing"},
				"east": {"uv": [0, 0, 4, 4], "texture": "#missing"},
				"south": {"uv": [0, 0, 4, 4], "texture": "#missing"},
				"west": {"uv": [0, 0, 4, 4], "texture": "#missing"},
				"up": {"uv": [0, 0, 4, 4], "texture": "#missing"},
				"down": {"uv": [0, 0, 4, 4], "texture": "#missing"}
			}
		},
		{
			"name": "2tensal",
			"from": [10, 22, 10],
			"to": [12, 24, 12],
			"rotation": {"angle": 0, "axis": "y", "origin": [18, 30, 18]},
			"faces": {
				"north": {"uv": [0, 0, 4, 4], "texture": "#missing"},
				"east": {"uv": [0, 0, 4, 4], "texture": "#missing"},
				"south": {"uv": [0, 0, 4, 4], "texture": "#missing"},
				"west": {"uv": [0, 0, 4, 4], "texture": "#missing"},
				"up": {"uv": [0, 0, 4, 4], "texture": "#missing"},
				"down": {"uv": [0, 0, 4, 4], "texture": "#missing"}
			}
		},
		{
			"name": "3tensal",
			"from": [12, 18, 12],
			"to": [14, 24, 14],
			"rotation": {"angle": 0, "axis": "y", "origin": [20, 26, 20]},
			"faces": {
				"north": {"uv": [0, 0, 4, 15], "texture": "#missing"},
				"east": {"uv": [0, 0, 4, 15], "texture": "#missing"},
				"south": {"uv": [0, 0, 4, 15], "texture": "#missing"},
				"west": {"uv": [0, 0, 4, 15], "texture": "#missing"},
				"up": {"uv": [0, 0, 4, 4], "texture": "#missing"},
				"down": {"uv": [0, 0, 4, 4], "texture": "#missing"}
			}
		}
	]
}