{
	"credit": "Made with Blockbench",
	"textures": {
		"0": "block/black_concrete_powder",
		"1": "block/red_wool",
		"particle": "block/black_concrete_powder"
	},
	"elements": [
		{
			"name": "front",
			"from": [6, 15, 6],
			"to": [10, 19, 7],
			"faces": {
				"north": {"uv": [6, 6, 10, 10], "texture": "#1"},
				"east": {"uv": [7, 0, 8, 4], "texture": "#1"},
				"south": {"uv": [6, 6, 10, 10], "texture": "#1"},
				"west": {"uv": [4, 0, 5, 4], "texture": "#1"},
				"up": {"uv": [6, 0, 10, 1], "texture": "#1"},
				"down": {"uv": [6, 0, 10, 1], "texture": "#1"}
			}
		},
		{
			"name": "back",
			"from": [6, 15, 9],
			"to": [10, 19, 10],
			"faces": {
				"north": {"uv": [10, 10, 14, 14], "texture": "#1"},
				"east": {"uv": [5, 9, 6, 13], "texture": "#1"},
				"south": {"uv": [10, 10, 14, 14], "texture": "#1"},
				"west": {"uv": [0, 9, 1, 13], "texture": "#1"},
				"up": {"uv": [6, 4, 10, 5], "texture": "#1"},
				"down": {"uv": [0, 0, 4, 1], "texture": "#1"}
			}
		},
		{
			"name": "right",
			"from": [6, 15, 7],
			"to": [7, 19, 9],
			"faces": {
				"north": {"uv": [0, 0, 1, 4], "texture": "#1"},
				"east": {"uv": [2, 0, 4, 4], "texture": "#1"},
				"south": {"uv": [0, 0, 1, 4], "texture": "#1"},
				"west": {"uv": [2, 0, 4, 4], "texture": "#1"},
				"up": {"uv": [4, 14, 5, 16], "texture": "#1"},
				"down": {"uv": [0, 0, 1, 2], "texture": "#1"}
			}
		},
		{
			"name": "left",
			"from": [9, 15, 7],
			"to": [10, 19, 9],
			"faces": {
				"north": {"uv": [0, 0, 1, 2], "texture": "#1"},
				"east": {"uv": [0, 0, 2, 4], "texture": "#1"},
				"south": {"uv": [0, 0, 1, 4], "texture": "#1"},
				"west": {"uv": [0, 0, 2, 4], "texture": "#1"},
				"up": {"uv": [0, 14, 1, 16], "texture": "#1"},
				"down": {"uv": [0, 0, 1, 2], "texture": "#1"}
			}
		},
		{
			"name": "top",
			"from": [7, 18, 7],
			"to": [9, 19, 9],
			"faces": {
				"north": {"uv": [0, 0, 2, 1], "texture": "#1"},
				"east": {"uv": [0, 0, 2, 1], "texture": "#1"},
				"south": {"uv": [0, 0, 2, 1], "texture": "#1"},
				"west": {"uv": [0, 0, 2, 1], "texture": "#1"},
				"up": {"uv": [2, 14, 4, 16], "texture": "#1"},
				"down": {"uv": [2, 14, 4, 16], "texture": "#1"}
			}
		},
		{
			"name": "1tensal",
			"from": [8, 19, 8],
			"to": [9, 20, 9],
			"faces": {
				"north": {"uv": [0, 0, 4, 4], "texture": "#0"},
				"east": {"uv": [0, 0, 4, 4], "texture": "#0"},
				"south": {"uv": [0, 0, 4, 4], "texture": "#0"},
				"west": {"uv": [0, 0, 4, 4], "texture": "#0"},
				"up": {"uv": [0, 0, 4, 4], "texture": "#0"},
				"down": {"uv": [0, 0, 4, 4], "texture": "#0"}
			}
		},
		{
			"name": "2tensal",
			"from": [9, 19, 9],
			"to": [10, 20, 10],
			"faces": {
				"north": {"uv": [0, 0, 4, 4], "texture": "#0"},
				"east": {"uv": [0, 0, 4, 4], "texture": "#0"},
				"south": {"uv": [0, 0, 4, 4], "texture": "#0"},
				"west": {"uv": [0, 0, 4, 4], "texture": "#0"},
				"up": {"uv": [0, 0, 4, 4], "texture": "#0"},
				"down": {"uv": [0, 0, 4, 4], "texture": "#0"}
			}
		},
		{
			"name": "3tensal",
			"from": [10, 16, 10],
			"to": [11, 20, 11],
			"faces": {
				"north": {"uv": [0, 0, 4, 15], "texture": "#0"},
				"east": {"uv": [0, 0, 4, 15], "texture": "#0"},
				"south": {"uv": [0, 0, 4, 15], "texture": "#0"},
				"west": {"uv": [0, 0, 4, 15], "texture": "#0"},
				"up": {"uv": [0, 0, 4, 4], "texture": "#0"},
				"down": {"uv": [0, 0, 4, 4], "texture": "#0"}
			}
		}
	]
}