{
	"credit": "Made with Blockbench",
	"textures": {
		"3": "block/gold_block"
	},
	"elements": [
		{
			"from": [-1, 14, -1],
			"to": [17, 16, 17],
			"faces": {
				"north": {"uv": [0, 8, 16, 12], "texture": "#3", "cullface": "north"},
				"east": {"uv": [0, 8, 16, 12], "texture": "#3", "cullface": "north"},
				"south": {"uv": [0, 8, 16, 12], "texture": "#3", "cullface": "north"},
				"west": {"uv": [0, 8, 16, 12], "texture": "#3", "cullface": "north"},
				"up": {"uv": [0, 0, 16, 16], "texture": "#3", "cullface": "north"},
				"down": {"uv": [0, 0, 16, 16], "texture": "#3", "cullface": "north"}
			}
		},
		{
			"from": [2, 16, 2],
			"to": [14, 22, 14],
			"faces": {
				"north": {"uv": [0, 0, 16, 7], "texture": "#3", "cullface": "north"},
				"east": {"uv": [0, 0, 16, 7], "texture": "#3", "cullface": "north"},
				"south": {"uv": [0, 0, 16, 7], "texture": "#3", "cullface": "north"},
				"west": {"uv": [0, 0, 16, 7], "texture": "#3", "cullface": "north"},
				"up": {"uv": [0, 0, 16, 16], "texture": "#3", "cullface": "north"},
				"down": {"uv": [0, 0, 16, 7], "texture": "#3", "cullface": "north"}
			}
		}
	]
}