{
	"credit": "Made with Blockbench",
	"textures": {
		"black": "block/dirt",
		"grey": "block/dirt",
		"glass": "block/glass"
	},
	"elements": [
		{
			"from": [-1, 14, -1],
			"to": [17, 15, 17],
			"faces": {
				"north": {"uv": [0, 0, 16, 1], "texture": "#black", "cullface": "north"},
				"east": {"uv": [0, 0, 16, 1], "texture": "#black", "cullface": "east"},
				"south": {"uv": [0, 0, 16, 1], "texture": "#black", "cullface": "south"},
				"west": {"uv": [0, 0, 16, 1], "texture": "#black", "cullface": "west"},
				"up": {"uv": [0, 0, 16, 16], "texture": "#black", "cullface": "up"},
				"down": {"uv": [0, 0, 16, 16], "texture": "#black", "cullface": "down"}
			}
		},
		{
			"from": [2, 15, 2],
			"to": [14, 17, 14],
			"faces": {
				"north": {"uv": [0, 0, 12, 2], "texture": "#grey", "cullface": "north"},
				"east": {"uv": [0, 0, 12, 2], "texture": "#grey", "cullface": "east"},
				"south": {"uv": [0, 0, 12, 2], "texture": "#grey", "cullface": "south"},
				"west": {"uv": [0, 0, 12, 2], "texture": "#grey", "cullface": "west"}
			}
		},
		{
			"from": [2, 17, 2],
			"to": [14, 31, 14],
			"faces": {
				"north": {"uv": [0, 0, 12, 14], "texture": "#black", "cullface": "north"},
				"east": {"uv": [0, 0, 12, 14], "texture": "#black", "cullface": "east"},
				"south": {"uv": [0, 0, 12, 14], "texture": "#black", "cullface": "south"},
				"west": {"uv": [0, 0, 12, 14], "texture": "#black", "cullface": "west"},
				"up": {"uv": [0, 0, 12, 12], "texture": "#black", "cullface": "up"}
			}
		},
		{
			"from": [1, 0, 1],
			"to": [2, 7, 2],
			"faces": {
				"north": {"uv": [0, 0, 1, 7], "texture": "#black", "cullface": "north"},
				"east": {"uv": [0, 0, 1, 7], "texture": "#black", "cullface": "east"},
				"south": {"uv": [0, 0, 1, 7], "texture": "#black", "cullface": "south"},
				"west": {"uv": [0, 0, 1, 7], "texture": "#black", "cullface": "west"},
				"up": {"uv": [0, 0, 1, 1], "texture": "#black", "cullface": "up"},
				"down": {"uv": [0, 0, 1, 1], "texture": "#black", "cullface": "down"}
			}
		},
		{
			"from": [2, 6, 1],
			"to": [4, 7, 2],
			"faces": {
				"north": {"uv": [0, 0, 2, 1], "texture": "#black", "cullface": "north"},
				"east": {"uv": [0, 0, 2, 1], "texture": "#black", "cullface": "east"},
				"south": {"uv": [0, 0, 2, 1], "texture": "#black", "cullface": "south"},
				"west": {"uv": [0, 0, 2, 1], "texture": "#black", "cullface": "west"},
				"up": {"uv": [0, 0, 2, 1], "texture": "#black", "cullface": "up"},
				"down": {"uv": [0, 0, 2, 1], "texture": "#black", "cullface": "down"}
			}
		},
		{
			"from": [4, 6, 1],
			"to": [6, 8, 2],
			"faces": {
				"north": {"uv": [0, 0, 16, 16], "texture": "#glass", "cullface": "north"}
			}
		}
	]
}