{
	"credit": "Made with Blockbench",
	"textures": {
		"0": "block/green_concrete",
		"2": "block/slime_block",
		"particle": "block/green_concrete"
	},
	"elements": [
		{
			"from": [3, 15, 3],
			"to": [13, 25, 13],
			"rotation": {"angle": 0, "axis": "y", "origin": [14, 22, 14]},
			"faces": {
				"north": {"uv": [0, 0, 10, 10], "texture": "#2"},
				"east": {"uv": [0, 0, 10, 10], "texture": "#2"},
				"south": {"uv": [0, 0, 10, 10], "texture": "#2"},
				"west": {"uv": [0, 0, 10, 10], "texture": "#2"},
				"up": {"uv": [0, 0, 10, 10], "texture": "#2"},
				"down": {"uv": [0, 0, 10, 10], "texture": "#2"}
			}
		},
		{
			"from": [1, 13, 1],
			"to": [15, 15, 15],
			"rotation": {"angle": 0, "axis": "y", "origin": [14, 22, 14]},
			"faces": {
				"north": {"uv": [0, 0, 12, 2], "texture": "#2"},
				"east": {"uv": [0, 0, 12, 2], "texture": "#2"},
				"south": {"uv": [0, 0, 12, 2], "texture": "#2"},
				"west": {"uv": [0, 0, 12, 2], "texture": "#2"},
				"up": {"uv": [0, 0, 12, 2], "texture": "#2"},
				"down": {"uv": [0, 0, 12, 2], "texture": "#2"}
			}
		},
		{
			"from": [9, 12, 1],
			"to": [13, 13, 15],
			"rotation": {"angle": 0, "axis": "y", "origin": [14, 20, 14]},
			"faces": {
				"north": {"uv": [0, 0, 12, 1], "texture": "#2"},
				"east": {"uv": [0, 0, 12, 1], "texture": "#2"},
				"south": {"uv": [0, 0, 12, 1], "texture": "#2"},
				"west": {"uv": [0, 0, 12, 1], "texture": "#2"},
				"down": {"uv": [0, 0, 12, 1], "texture": "#2"}
			}
		},
		{
			"from": [5, 12, 1],
			"to": [8, 13, 15],
			"rotation": {"angle": 0, "axis": "y", "origin": [9, 20, 14]},
			"faces": {
				"north": {"uv": [0, 0, 12, 1], "texture": "#2"},
				"east": {"uv": [0, 0, 12, 1], "texture": "#2"},
				"south": {"uv": [0, 0, 12, 1], "texture": "#2"},
				"west": {"uv": [0, 0, 12, 1], "texture": "#2"},
				"down": {"uv": [0, 0, 12, 1], "texture": "#2"}
			}
		},
		{
			"from": [3, 12, 1],
			"to": [4, 13, 15],
			"rotation": {"angle": 0, "axis": "y", "origin": [6, 20, 14]},
			"faces": {
				"east": {"uv": [0, 0, 12, 1], "texture": "#2"},
				"south": {"uv": [0, 0, 12, 1], "texture": "#2"},
				"west": {"uv": [0, 0, 12, 1], "texture": "#2"},
				"down": {"uv": [0, 0, 12, 1], "texture": "#2"}
			}
		},
		{
			"from": [1, 12, 3],
			"to": [15, 13, 6],
			"rotation": {"angle": 0, "axis": "y", "origin": [16, 20, 15]},
			"faces": {
				"north": {"uv": [0, 0, 12, 1], "texture": "#2"},
				"east": {"uv": [0, 0, 3, 1], "texture": "#2"},
				"south": {"uv": [0, 0, 3, 1], "texture": "#2"},
				"west": {"uv": [0, 0, 3, 1], "texture": "#2"},
				"down": {"uv": [0, 0, 3, 1], "texture": "#2"}
			}
		},
		{
			"from": [4, 12, 3],
			"to": [12, 13, 13],
			"rotation": {"angle": 0, "axis": "y", "origin": [16, 20, 15]},
			"faces": {
				"north": {"uv": [0, 0, 3, 1], "texture": "#2"},
				"east": {"uv": [0, 0, 3, 1], "texture": "#2"},
				"south": {"uv": [0, 0, 3, 1], "texture": "#2"},
				"west": {"uv": [0, 0, 3, 1], "texture": "#2"},
				"up": {"uv": [0, 0, 3, 1], "texture": "#2"},
				"down": {"uv": [0, 0, 3, 1], "texture": "#2"}
			}
		},
		{
			"from": [1, 12, 7],
			"to": [15, 13, 12],
			"rotation": {"angle": 0, "axis": "y", "origin": [16, 20, 19]},
			"faces": {
				"north": {"uv": [0, 0, 5, 1], "texture": "#2"},
				"east": {"uv": [0, 0, 5, 1], "texture": "#2"},
				"south": {"uv": [0, 0, 5, 1], "texture": "#2"},
				"west": {"uv": [0, 0, 5, 1], "texture": "#2"},
				"down": {"uv": [0, 0, 5, 1], "texture": "#2"}
			}
		},
		{
			"from": [1, 11, 4],
			"to": [15, 12, 5],
			"rotation": {"angle": 0, "axis": "y", "origin": [16, 19, 15]},
			"faces": {
				"north": {"uv": [0, 0, 1, 1], "texture": "#2"},
				"east": {"uv": [0, 0, 1, 1], "texture": "#2"},
				"south": {"uv": [0, 0, 1, 1], "texture": "#2"},
				"west": {"uv": [0, 0, 1, 1], "texture": "#2"},
				"up": {"uv": [0, 0, 1, 1], "texture": "#2"},
				"down": {"uv": [0, 0, 1, 1], "texture": "#2"}
			}
		},
		{
			"from": [1, 11, 8],
			"to": [15, 12, 10],
			"rotation": {"angle": 0, "axis": "y", "origin": [16, 19, 20]},
			"faces": {
				"north": {"uv": [0, 0, 12, 2], "texture": "#2"},
				"east": {"uv": [0, 0, 2, 1], "texture": "#2"},
				"south": {"uv": [0, 0, 12, 2], "texture": "#2"},
				"west": {"uv": [0, 0, 2, 1], "texture": "#2"},
				"up": {"uv": [0, 0, 12, 2], "texture": "#2"},
				"down": {"uv": [0, 0, 12, 2], "texture": "#2"}
			}
		},
		{
			"from": [6, 11, 1],
			"to": [7, 12, 15],
			"rotation": {"angle": 0, "axis": "y", "origin": [9, 19, 14]},
			"faces": {
				"north": {"uv": [0, 0, 12, 1], "texture": "#2"},
				"east": {"uv": [0, 0, 12, 1], "texture": "#2"},
				"south": {"uv": [0, 0, 12, 1], "texture": "#2"},
				"west": {"uv": [0, 0, 12, 1], "texture": "#2"},
				"down": {"uv": [0, 0, 12, 1], "texture": "#2"}
			}
		},
		{
			"from": [9, 11, 1],
			"to": [12, 12, 15],
			"rotation": {"angle": 0, "axis": "y", "origin": [14, 19, 14]},
			"faces": {
				"north": {"uv": [0, 0, 12, 1], "texture": "#2"},
				"east": {"uv": [0, 0, 12, 1], "texture": "#2"},
				"south": {"uv": [0, 0, 12, 1], "texture": "#2"},
				"west": {"uv": [0, 0, 12, 1], "texture": "#2"},
				"down": {"uv": [0, 0, 12, 1], "texture": "#2"}
			}
		},
		{
			"from": [10, 10, 1],
			"to": [11, 11, 15],
			"rotation": {"angle": 0, "axis": "y", "origin": [14, 18, 14]},
			"faces": {
				"north": {"uv": [0, 0, 12, 1], "texture": "#2"},
				"east": {"uv": [0, 0, 12, 1], "texture": "#2"},
				"south": {"uv": [0, 0, 12, 1], "texture": "#2"},
				"west": {"uv": [0, 0, 12, 1], "texture": "#2"},
				"down": {"uv": [0, 0, 12, 1], "texture": "#2"}
			}
		},
		{
			"from": [9.9, 20, 2.5],
			"to": [13.5, 23.5, 6.1],
			"rotation": {"angle": 0, "axis": "y", "origin": [14.9, 27, 13.6]},
			"faces": {
				"north": {"uv": [0, 0, 3.6, 3.5], "texture": "#0"},
				"east": {"uv": [0, 0, 3.6, 3.5], "texture": "#0"},
				"south": {"uv": [0, 0, 3.6, 3.5], "texture": "#0"},
				"west": {"uv": [0, 0, 3.6, 3.5], "texture": "#0"},
				"up": {"uv": [0, 0, 3.6, 3.5], "texture": "#0"},
				"down": {"uv": [0, 0, 3.6, 3.5], "texture": "#0"}
			}
		},
		{
			"from": [2.5, 20, 2.5],
			"to": [6.1, 23.5, 6.1],
			"rotation": {"angle": 0, "axis": "y", "origin": [7.6, 27, 13.6]},
			"faces": {
				"north": {"uv": [0, 0, 3.6, 3.5], "texture": "#0"},
				"east": {"uv": [0, 0, 3.6, 3.5], "texture": "#0"},
				"south": {"uv": [0, 0, 3.6, 3.5], "texture": "#0"},
				"west": {"uv": [0, 0, 3.6, 3.5], "texture": "#0"},
				"up": {"uv": [0, 0, 3.6, 3.5], "texture": "#0"},
				"down": {"uv": [0, 0, 3.6, 3.5], "texture": "#0"}
			}
		},
		{
			"from": [8.3, 16.6, 2.5],
			"to": [9.8, 18.1, 4.1],
			"rotation": {"angle": 0, "axis": "y", "origin": [11.3, 23.6, 13.6]},
			"faces": {
				"north": {"uv": [0, 0, 3.6, 1.5], "texture": "#0"},
				"east": {"uv": [0, 0, 3.6, 1.5], "texture": "#0"},
				"south": {"uv": [0, 0, 3.6, 1.5], "texture": "#0"},
				"west": {"uv": [0, 0, 3.6, 1.5], "texture": "#0"},
				"up": {"uv": [0, 0, 3.6, 1.5], "texture": "#0"},
				"down": {"uv": [0, 0, 3.6, 1.5], "texture": "#0"}
			}
		}
	]
}