{
  "parent": "item/generated",
  "textures": {
    "layer0": "item/golden_hoe"
  },

  "overrides": [
    {
      "predicate": { "custom_model_data": 1 },
      "model": "zigafide/hatgui/dirt_hat"
    },
    {
      "predicate": { "custom_model_data": 2 },
      "model": "zigafide/hatgui/wool_hat"
    },
    {
      "predicate": { "custom_model_data": 3 },
      "model": "zigafide/hatgui/tophat"
    },
    {
      "predicate": { "custom_model_data": 4 },
      "model": "zigafide/hatgui/stained_glass"
    },
    {
      "predicate": { "custom_model_data": 5 },
      "model": "zigafide/hatgui/diamond_hat"
    },
    {
      "predicate": { "custom_model_data": 6 },
      "model": "zigafide/hatgui/cake_hat"
    },
    {
      "predicate": { "custom_model_data": 7 },
      "model": "zigafide/hatgui/fedora"
    },
    {
      "predicate": { "custom_model_data": 8 },
      "model": "zigafide/hatgui/jeb"
    },
    {
      "predicate": { "custom_model_data": 9 },
      "model": "zigafide/hatgui/sunglasses"
    },
    {
      "predicate": { "custom_model_data": 10 },
      "model": "zigafide/hatgui/sombrero"
    },
    {
      "predicate": { "custom_model_data": 11 },
      "model": "zigafide/hatgui/horned_helmet"
    },
    {
      "predicate": { "custom_model_data": 12 },
      "model": "zigafide/hatgui/crown"
    },
    {
      "predicate": { "custom_model_data": 13 },
      "model": "zigafide/hatgui/spartan"
    },
    {
      "predicate": { "custom_model_data": 14 },
      "model": "zigafide/hatgui/world"
    },
    {
      "predicate": { "custom_model_data": 15 },
      "model": "zigafide/hatgui/halo"
    },
    {
      "predicate": { "custom_model_data": 16 },
      "model": "zigafide/hatgui/horns"
    },
    {
      "predicate": { "custom_model_data": 17 },
      "model": "zigafide/hatgui/catears"
    },
    {
      "predicate": { "custom_model_data": 18 },
      "model": "zigafide/hatgui/witch"
    },
    {
      "predicate": { "custom_model_data": 19 },
      "model": "zigafide/hatgui/santa"
    },
    {
      "predicate": { "custom_model_data": 20 },
      "model": "zigafide/hatgui/christmastree"
    },
    {
      "predicate": { "custom_model_data": 21 },
      "model": "zigafide/hatgui/goldfedora"
    },
    {
      "predicate": { "custom_model_data": 690 },
      "model": "zigafide/hatgui/woolcolors/black"
    },
    {
      "predicate": { "custom_model_data": 691 },
      "model": "zigafide/hatgui/woolcolors/blue"
    },
    {
      "predicate": { "custom_model_data": 692 },
      "model": "zigafide/hatgui/woolcolors/brown"
    },
    {
      "predicate": { "custom_model_data": 693 },
      "model": "zigafide/hatgui/woolcolors/cyan"
    },
    {
      "predicate": { "custom_model_data": 694 },
      "model": "zigafide/hatgui/woolcolors/gray"
    },
    {
      "predicate": { "custom_model_data": 695 },
      "model": "zigafide/hatgui/woolcolors/green"
    },
    {
      "predicate": { "custom_model_data": 696 },
      "model": "zigafide/hatgui/woolcolors/light_blue"
    },
    {
      "predicate": { "custom_model_data": 697 },
      "model": "zigafide/hatgui/woolcolors/light_gray"
    },
    {
      "predicate": { "custom_model_data": 698 },
      "model": "zigafide/hatgui/woolcolors/lime"
    },
    {
      "predicate": { "custom_model_data": 699 },
      "model": "zigafide/hatgui/woolcolors/megenta"
    },
    {
      "predicate": { "custom_model_data": 700 },
      "model": "zigafide/hatgui/woolcolors/orange"
    },
    {
      "predicate": { "custom_model_data": 701 },
      "model": "zigafide/hatgui/woolcolors/pink"
    },
    {
      "predicate": { "custom_model_data": 702 },
      "model": "zigafide/hatgui/woolcolors/purple"
    },
    {
      "predicate": { "custom_model_data": 703 },
      "model": "zigafide/hatgui/woolcolors/red"
    },
    {
      "predicate": { "custom_model_data": 704 },
      "model": "zigafide/hatgui/woolcolors/white"
    },
    {
      "predicate": { "custom_model_data": 705 },
      "model": "zigafide/hatgui/woolcolors/yellow"
    },
    {
      "predicate": { "custom_model_data": 800 },
      "model": "zigafide/hatgui/glasscolors/black"
    },
    {
      "predicate": { "custom_model_data": 801 },
      "model": "zigafide/hatgui/glasscolors/blue"
    },
    {
      "predicate": { "custom_model_data": 802 },
      "model": "zigafide/hatgui/glasscolors/brown"
    },
    {
      "predicate": { "custom_model_data": 803 },
      "model": "zigafide/hatgui/glasscolors/cyan"
    },
    {
      "predicate": { "custom_model_data": 804 },
      "model": "zigafide/hatgui/glasscolors/glass"
    },
    {
      "predicate": { "custom_model_data": 805 },
      "model": "zigafide/hatgui/glasscolors/gray"
    },
    {
      "predicate": { "custom_model_data": 806 },
      "model": "zigafide/hatgui/glasscolors/green"
    },
    {
      "predicate": { "custom_model_data": 807 },
      "model": "zigafide/hatgui/glasscolors/lblue"
    },
    {
      "predicate": { "custom_model_data": 808 },
      "model": "zigafide/hatgui/glasscolors/lgray"
    },
    {
      "predicate": { "custom_model_data": 809 },
      "model": "zigafide/hatgui/glasscolors/lime_glass"
    },
    {
      "predicate": { "custom_model_data": 810 },
      "model": "zigafide/hatgui/glasscolors/magenta"
    },
    {
      "predicate": { "custom_model_data": 811 },
      "model": "zigafide/hatgui/glasscolors/orange"
    },
    {
      "predicate": { "custom_model_data": 812 },
      "model": "zigafide/hatgui/glasscolors/pink"
    },
    {
      "predicate": { "custom_model_data": 813 },
      "model": "zigafide/hatgui/glasscolors/purple"
    },
    {
      "predicate": { "custom_model_data": 814 },
      "model": "zigafide/hatgui/glasscolors/red"
    },
    {
      "predicate": { "custom_model_data": 815 },
      "model": "zigafide/hatgui/glasscolors/white"
    },
    {
      "predicate": { "custom_model_data": 816 },
      "model": "zigafide/hatgui/glasscolors/yellow"
    },
    {
      "predicate": { "custom_model_data": 999 },
      "model": "zigafide/hatgui/anyhat"
    }
  ]
}