{
	"credit": "Made with Blockbench",
	"textures": {
		"2": "block/gold_block",
		"3": "block/quartz_block_bottom",
		"4": "block/white_wool",
		"particle": "block/white_wool"
	},
	"elements": [
		{
			"from": [2, 15, 0],
			"to": [14, 16, 1],
			"faces": {
				"north": {"uv": [10, 15, 11, 16], "texture": "#4"},
				"east": {"uv": [10, 15, 11, 16], "texture": "#4"},
				"south": {"uv": [10, 15, 11, 16], "texture": "#4"},
				"west": {"uv": [10, 15, 11, 16], "texture": "#4"},
				"up": {"uv": [10, 15, 11, 16], "texture": "#4"},
				"down": {"uv": [10, 15, 11, 16], "texture": "#4"}
			}
		},
		{
			"from": [1, 14, 0],
			"to": [15, 15, 16],
			"faces": {
				"north": {"uv": [10, 15, 11, 16], "texture": "#4"},
				"east": {"uv": [10, 15, 11, 16], "texture": "#4"},
				"south": {"uv": [10, 15, 11, 16], "texture": "#4"},
				"west": {"uv": [10, 15, 11, 16], "texture": "#4"},
				"up": {"uv": [10, 15, 11, 16], "texture": "#4"},
				"down": {"uv": [10, 15, 11, 16], "texture": "#4"}
			}
		},
		{
			"from": [0, 15, 2],
			"to": [1, 16, 14],
			"faces": {
				"north": {"uv": [10, 15, 11, 16], "texture": "#4"},
				"east": {"uv": [10, 15, 11, 16], "texture": "#4"},
				"south": {"uv": [10, 15, 11, 16], "texture": "#4"},
				"west": {"uv": [10, 15, 11, 16], "texture": "#4"},
				"up": {"uv": [10, 15, 11, 16], "texture": "#4"},
				"down": {"uv": [10, 15, 11, 16], "texture": "#4"}
			}
		},
		{
			"from": [0, 14, 1],
			"to": [1, 15, 15],
			"faces": {
				"north": {"uv": [10, 15, 11, 16], "texture": "#4"},
				"east": {"uv": [10, 15, 11, 16], "texture": "#4"},
				"south": {"uv": [10, 15, 11, 16], "texture": "#4"},
				"west": {"uv": [10, 15, 11, 16], "texture": "#4"},
				"up": {"uv": [10, 15, 11, 16], "texture": "#4"},
				"down": {"uv": [10, 15, 11, 16], "texture": "#4"}
			}
		},
		{
			"from": [0, 12, 0],
			"to": [16, 14, 16],
			"rotation": {"angle": 0, "axis": "y", "origin": [7, 7, 8]},
			"faces": {
				"north": {"uv": [10, 15, 11, 16], "texture": "#4"},
				"east": {"uv": [10, 15, 11, 16], "texture": "#4"},
				"south": {"uv": [10, 15, 11, 16], "texture": "#4"},
				"west": {"uv": [10, 15, 11, 16], "texture": "#4"},
				"up": {"uv": [10, 15, 11, 16], "texture": "#4"},
				"down": {"uv": [10, 15, 11, 16], "texture": "#4"}
			}
		},
		{
			"from": [2, 15, 15],
			"to": [14, 16, 16],
			"faces": {
				"north": {"uv": [10, 15, 11, 16], "texture": "#4"},
				"east": {"uv": [10, 15, 11, 16], "texture": "#4"},
				"south": {"uv": [10, 15, 11, 16], "texture": "#4"},
				"west": {"uv": [10, 15, 11, 16], "texture": "#4"},
				"up": {"uv": [10, 15, 11, 16], "texture": "#4"},
				"down": {"uv": [10, 15, 11, 16], "texture": "#4"}
			}
		},
		{
			"from": [15, 15, 2],
			"to": [16, 16, 14],
			"faces": {
				"north": {"uv": [10, 15, 11, 16], "texture": "#4"},
				"east": {"uv": [10, 15, 11, 16], "texture": "#4"},
				"south": {"uv": [10, 15, 11, 16], "texture": "#4"},
				"west": {"uv": [10, 15, 11, 16], "texture": "#4"},
				"up": {"uv": [10, 15, 11, 16], "texture": "#4"},
				"down": {"uv": [10, 15, 11, 16], "texture": "#4"}
			}
		},
		{
			"from": [15, 14, 1],
			"to": [16, 15, 15],
			"faces": {
				"north": {"uv": [10, 15, 11, 16], "texture": "#4"},
				"east": {"uv": [10, 15, 11, 16], "texture": "#4"},
				"south": {"uv": [10, 15, 11, 16], "texture": "#4"},
				"west": {"uv": [10, 15, 11, 16], "texture": "#4"},
				"up": {"uv": [10, 15, 11, 16], "texture": "#4"},
				"down": {"uv": [10, 15, 11, 16], "texture": "#4"}
			}
		},
		{
			"from": [1, 15, 1],
			"to": [15, 16, 15],
			"faces": {
				"north": {"uv": [10, 15, 11, 16], "texture": "#4"},
				"east": {"uv": [10, 15, 11, 16], "texture": "#4"},
				"south": {"uv": [10, 15, 11, 16], "texture": "#4"},
				"west": {"uv": [10, 15, 11, 16], "texture": "#4"},
				"up": {"uv": [10, 15, 11, 16], "texture": "#4"},
				"down": {"uv": [10, 15, 11, 16], "texture": "#4"}
			}
		},
		{
			"from": [3, 16, 14],
			"to": [13, 17, 15],
			"faces": {
				"north": {"uv": [10, 15, 11, 16], "texture": "#4"},
				"east": {"uv": [10, 15, 11, 16], "texture": "#4"},
				"south": {"uv": [10, 15, 11, 16], "texture": "#4"},
				"west": {"uv": [10, 15, 11, 16], "texture": "#4"},
				"up": {"uv": [10, 15, 11, 16], "texture": "#4"},
				"down": {"uv": [10, 15, 11, 16], "texture": "#4"}
			}
		},
		{
			"from": [15, 16, 4],
			"to": [16, 17, 12],
			"faces": {
				"north": {"uv": [10, 15, 11, 16], "texture": "#4"},
				"east": {"uv": [10, 15, 11, 16], "texture": "#4"},
				"south": {"uv": [10, 15, 11, 16], "texture": "#4"},
				"west": {"uv": [10, 15, 11, 16], "texture": "#4"},
				"up": {"uv": [10, 15, 11, 16], "texture": "#4"},
				"down": {"uv": [10, 15, 11, 16], "texture": "#4"}
			}
		},
		{
			"from": [-1, 16, 9],
			"to": [0, 17, 10],
			"faces": {
				"north": {"uv": [10, 15, 11, 16], "rotation": 180, "texture": "#4"},
				"east": {"uv": [10, 15, 11, 16], "rotation": 180, "texture": "#4"},
				"south": {"uv": [10, 15, 11, 16], "rotation": 180, "texture": "#4"},
				"west": {"uv": [10, 15, 11, 16], "rotation": 180, "texture": "#4"},
				"up": {"uv": [10, 15, 11, 16], "rotation": 180, "texture": "#4"},
				"down": {"uv": [10, 15, 11, 16], "rotation": 180, "texture": "#4"}
			}
		},
		{
			"from": [1, 16, 2],
			"to": [15, 17, 14],
			"rotation": {"angle": 0, "axis": "y", "origin": [10, 8, 12]},
			"faces": {
				"north": {"uv": [10, 15, 11, 16], "rotation": 180, "texture": "#4"},
				"east": {"uv": [10, 15, 11, 16], "rotation": 180, "texture": "#4"},
				"south": {"uv": [10, 15, 11, 16], "rotation": 180, "texture": "#4"},
				"west": {"uv": [10, 15, 11, 16], "rotation": 180, "texture": "#4"},
				"up": {"uv": [10, 15, 11, 16], "rotation": 180, "texture": "#4"},
				"down": {"uv": [10, 15, 11, 16], "rotation": 180, "texture": "#4"}
			}
		},
		{
			"from": [0, 16, 4],
			"to": [1, 17, 12],
			"faces": {
				"north": {"uv": [10, 15, 11, 16], "rotation": 180, "texture": "#4"},
				"east": {"uv": [10, 15, 11, 16], "rotation": 180, "texture": "#4"},
				"south": {"uv": [10, 15, 11, 16], "rotation": 180, "texture": "#4"},
				"west": {"uv": [10, 15, 11, 16], "rotation": 180, "texture": "#4"},
				"up": {"uv": [10, 15, 11, 16], "rotation": 180, "texture": "#4"},
				"down": {"uv": [10, 15, 11, 16], "rotation": 180, "texture": "#4"}
			}
		},
		{
			"from": [-1, 16, 6],
			"to": [0, 17, 7],
			"faces": {
				"north": {"uv": [10, 15, 11, 16], "texture": "#4"},
				"east": {"uv": [10, 15, 11, 16], "texture": "#4"},
				"south": {"uv": [10, 15, 11, 16], "texture": "#4"},
				"west": {"uv": [10, 15, 11, 16], "texture": "#4"},
				"up": {"uv": [10, 15, 11, 16], "texture": "#4"},
				"down": {"uv": [10, 15, 11, 16], "texture": "#4"}
			}
		},
		{
			"from": [3, 16, 1],
			"to": [13, 17, 2],
			"faces": {
				"north": {"uv": [10, 15, 11, 16], "rotation": 180, "texture": "#4"},
				"east": {"uv": [10, 15, 11, 16], "rotation": 180, "texture": "#4"},
				"south": {"uv": [10, 15, 11, 16], "rotation": 180, "texture": "#4"},
				"west": {"uv": [10, 15, 11, 16], "rotation": 180, "texture": "#4"},
				"up": {"uv": [10, 15, 11, 16], "rotation": 180, "texture": "#4"},
				"down": {"uv": [10, 15, 11, 16], "rotation": 180, "texture": "#4"}
			}
		},
		{
			"from": [15, 17, 7],
			"to": [17, 18, 9],
			"faces": {
				"north": {"uv": [10, 15, 11, 16], "texture": "#4"},
				"east": {"uv": [10, 15, 11, 16], "texture": "#4"},
				"south": {"uv": [10, 15, 11, 16], "texture": "#4"},
				"west": {"uv": [10, 15, 11, 16], "texture": "#4"},
				"up": {"uv": [10, 15, 11, 16], "texture": "#4"},
				"down": {"uv": [10, 15, 11, 16], "texture": "#4"}
			}
		},
		{
			"from": [14, 17, 5],
			"to": [15, 18, 11],
			"faces": {
				"north": {"uv": [10, 15, 11, 16], "texture": "#4"},
				"east": {"uv": [10, 15, 11, 16], "texture": "#4"},
				"south": {"uv": [10, 15, 11, 16], "texture": "#4"},
				"west": {"uv": [10, 15, 11, 16], "texture": "#4"},
				"up": {"uv": [10, 15, 11, 16], "texture": "#4"},
				"down": {"uv": [10, 15, 11, 16], "texture": "#4"}
			}
		},
		{
			"from": [2, 17, 3],
			"to": [14, 18, 13],
			"faces": {
				"north": {"uv": [10, 15, 11, 16], "texture": "#4"},
				"east": {"uv": [10, 15, 11, 16], "texture": "#4"},
				"south": {"uv": [10, 15, 11, 16], "texture": "#4"},
				"west": {"uv": [10, 15, 11, 16], "texture": "#4"},
				"up": {"uv": [10, 15, 11, 16], "texture": "#4"},
				"down": {"uv": [10, 15, 11, 16], "texture": "#4"}
			}
		},
		{
			"from": [1, 17, 5],
			"to": [2, 18, 11],
			"faces": {
				"north": {"uv": [10, 15, 11, 16], "texture": "#4"},
				"east": {"uv": [10, 15, 11, 16], "texture": "#4"},
				"south": {"uv": [10, 15, 11, 16], "texture": "#4"},
				"west": {"uv": [10, 15, 11, 16], "texture": "#4"},
				"up": {"uv": [10, 15, 11, 16], "texture": "#4"},
				"down": {"uv": [10, 15, 11, 16], "texture": "#4"}
			}
		},
		{
			"from": [-1, 17, 7],
			"to": [1, 18, 9],
			"faces": {
				"north": {"uv": [10, 15, 11, 16], "texture": "#4"},
				"east": {"uv": [10, 15, 11, 16], "texture": "#4"},
				"south": {"uv": [10, 15, 11, 16], "texture": "#4"},
				"west": {"uv": [10, 15, 11, 16], "texture": "#4"},
				"up": {"uv": [10, 15, 11, 16], "texture": "#4"},
				"down": {"uv": [10, 15, 11, 16], "texture": "#4"}
			}
		},
		{
			"from": [4, 17, 2],
			"to": [12, 18, 3],
			"faces": {
				"north": {"uv": [10, 15, 11, 16], "texture": "#4"},
				"east": {"uv": [10, 15, 11, 16], "texture": "#4"},
				"south": {"uv": [10, 15, 11, 16], "texture": "#4"},
				"west": {"uv": [10, 15, 11, 16], "texture": "#4"},
				"up": {"uv": [10, 15, 11, 16], "texture": "#4"},
				"down": {"uv": [10, 15, 11, 16], "texture": "#4"}
			}
		},
		{
			"from": [4, 17, 13],
			"to": [12, 18, 14],
			"faces": {
				"north": {"uv": [10, 15, 11, 16], "texture": "#4"},
				"east": {"uv": [10, 15, 11, 16], "texture": "#4"},
				"south": {"uv": [10, 15, 11, 16], "texture": "#4"},
				"west": {"uv": [10, 15, 11, 16], "texture": "#4"},
				"up": {"uv": [10, 15, 11, 16], "texture": "#4"},
				"down": {"uv": [10, 15, 11, 16], "texture": "#4"}
			}
		},
		{
			"from": [12, 18, 5],
			"to": [13, 19, 11],
			"faces": {
				"north": {"uv": [10, 15, 11, 16], "texture": "#4"},
				"east": {"uv": [10, 15, 11, 16], "texture": "#4"},
				"south": {"uv": [10, 15, 11, 16], "texture": "#4"},
				"west": {"uv": [10, 15, 11, 16], "texture": "#4"},
				"up": {"uv": [10, 15, 11, 16], "texture": "#4"},
				"down": {"uv": [10, 15, 11, 16], "texture": "#4"}
			}
		},
		{
			"from": [5, 18, 3],
			"to": [11, 19, 4],
			"faces": {
				"north": {"uv": [10, 15, 11, 16], "texture": "#4"},
				"east": {"uv": [10, 15, 11, 16], "texture": "#4"},
				"south": {"uv": [10, 15, 11, 16], "texture": "#4"},
				"west": {"uv": [10, 15, 11, 16], "texture": "#4"},
				"up": {"uv": [10, 15, 11, 16], "texture": "#4"},
				"down": {"uv": [10, 15, 11, 16], "texture": "#4"}
			}
		},
		{
			"from": [4, 18, 4],
			"to": [12, 19, 12],
			"faces": {
				"north": {"uv": [10, 15, 11, 16], "texture": "#4"},
				"east": {"uv": [10, 15, 11, 16], "texture": "#4"},
				"south": {"uv": [10, 15, 11, 16], "texture": "#4"},
				"west": {"uv": [10, 15, 11, 16], "texture": "#4"},
				"up": {"uv": [10, 15, 11, 16], "texture": "#4"},
				"down": {"uv": [10, 15, 11, 16], "texture": "#4"}
			}
		},
		{
			"from": [3, 18, 5],
			"to": [4, 19, 11],
			"faces": {
				"north": {"uv": [10, 15, 11, 16], "texture": "#4"},
				"east": {"uv": [10, 15, 11, 16], "texture": "#4"},
				"south": {"uv": [10, 15, 11, 16], "texture": "#4"},
				"west": {"uv": [10, 15, 11, 16], "texture": "#4"},
				"up": {"uv": [10, 15, 11, 16], "texture": "#4"},
				"down": {"uv": [10, 15, 11, 16], "texture": "#4"}
			}
		},
		{
			"from": [5, 18, 12],
			"to": [11, 19, 13],
			"faces": {
				"north": {"uv": [10, 15, 11, 16], "texture": "#4"},
				"east": {"uv": [10, 15, 11, 16], "texture": "#4"},
				"south": {"uv": [10, 15, 11, 16], "texture": "#4"},
				"west": {"uv": [10, 15, 11, 16], "texture": "#4"},
				"up": {"uv": [10, 15, 11, 16], "texture": "#4"},
				"down": {"uv": [10, 15, 11, 16], "texture": "#4"}
			}
		},
		{
			"from": [7, 19, 7],
			"to": [9, 20, 9],
			"faces": {
				"north": {"uv": [0, 0, 16, 16], "texture": "#2"},
				"east": {"uv": [0, 0, 16, 16], "texture": "#2"},
				"south": {"uv": [0, 0, 16, 16], "texture": "#2"},
				"west": {"uv": [0, 0, 16, 16], "texture": "#2"},
				"up": {"uv": [0, 0, 16, 16], "texture": "#2"},
				"down": {"uv": [0, 0, 16, 16], "texture": "#2"}
			}
		},
		{
			"from": [-1, 14, 10],
			"to": [0, 16, 11],
			"faces": {
				"north": {"uv": [10, 15, 11, 16], "rotation": 180, "texture": "#4"},
				"east": {"uv": [10, 15, 11, 16], "rotation": 180, "texture": "#4"},
				"south": {"uv": [10, 15, 11, 16], "rotation": 180, "texture": "#4"},
				"west": {"uv": [10, 15, 11, 16], "rotation": 180, "texture": "#4"},
				"up": {"uv": [10, 15, 11, 16], "rotation": 180, "texture": "#4"},
				"down": {"uv": [10, 15, 11, 16], "rotation": 180, "texture": "#4"}
			}
		},
		{
			"from": [-1, 13, 9],
			"to": [0, 14, 10],
			"faces": {
				"north": {"uv": [10, 15, 11, 16], "rotation": 180, "texture": "#4"},
				"east": {"uv": [10, 15, 11, 16], "rotation": 180, "texture": "#4"},
				"south": {"uv": [10, 15, 11, 16], "rotation": 180, "texture": "#4"},
				"west": {"uv": [10, 15, 11, 16], "rotation": 180, "texture": "#4"},
				"up": {"uv": [10, 15, 11, 16], "rotation": 180, "texture": "#4"},
				"down": {"uv": [10, 15, 11, 16], "rotation": 180, "texture": "#4"}
			}
		},
		{
			"from": [-1, 12, 7],
			"to": [0, 13, 9],
			"faces": {
				"north": {"uv": [10, 15, 11, 16], "rotation": 180, "texture": "#4"},
				"east": {"uv": [10, 15, 11, 16], "rotation": 180, "texture": "#4"},
				"south": {"uv": [10, 15, 11, 16], "rotation": 180, "texture": "#4"},
				"west": {"uv": [10, 15, 11, 16], "rotation": 180, "texture": "#4"},
				"up": {"uv": [10, 15, 11, 16], "rotation": 180, "texture": "#4"},
				"down": {"uv": [10, 15, 11, 16], "rotation": 180, "texture": "#4"}
			}
		},
		{
			"from": [-1, 13, 6],
			"to": [0, 14, 7],
			"faces": {
				"north": {"uv": [10, 15, 11, 16], "rotation": 180, "texture": "#4"},
				"east": {"uv": [10, 15, 11, 16], "rotation": 180, "texture": "#4"},
				"south": {"uv": [10, 15, 11, 16], "rotation": 180, "texture": "#4"},
				"west": {"uv": [10, 15, 11, 16], "rotation": 180, "texture": "#4"},
				"up": {"uv": [10, 15, 11, 16], "rotation": 180, "texture": "#4"},
				"down": {"uv": [10, 15, 11, 16], "rotation": 180, "texture": "#4"}
			}
		},
		{
			"from": [-1, 14, 5],
			"to": [0, 16, 6],
			"faces": {
				"north": {"uv": [10, 15, 11, 16], "rotation": 180, "texture": "#4"},
				"east": {"uv": [10, 15, 11, 16], "rotation": 180, "texture": "#4"},
				"south": {"uv": [10, 15, 11, 16], "rotation": 180, "texture": "#4"},
				"west": {"uv": [10, 15, 11, 16], "rotation": 180, "texture": "#4"},
				"up": {"uv": [10, 15, 11, 16], "rotation": 180, "texture": "#4"},
				"down": {"uv": [10, 15, 11, 16], "rotation": 180, "texture": "#4"}
			}
		},
		{
			"from": [16, 14, 5],
			"to": [17, 16, 6],
			"faces": {
				"north": {"uv": [10, 15, 11, 16], "rotation": 180, "texture": "#4"},
				"east": {"uv": [10, 15, 11, 16], "rotation": 180, "texture": "#4"},
				"south": {"uv": [10, 15, 11, 16], "rotation": 180, "texture": "#4"},
				"west": {"uv": [10, 15, 11, 16], "rotation": 180, "texture": "#4"},
				"up": {"uv": [10, 15, 11, 16], "rotation": 180, "texture": "#4"},
				"down": {"uv": [10, 15, 11, 16], "rotation": 180, "texture": "#4"}
			}
		},
		{
			"from": [16, 16, 6],
			"to": [17, 17, 7],
			"faces": {
				"north": {"uv": [10, 15, 11, 16], "texture": "#4"},
				"east": {"uv": [10, 15, 11, 16], "texture": "#4"},
				"south": {"uv": [10, 15, 11, 16], "texture": "#4"},
				"west": {"uv": [10, 15, 11, 16], "texture": "#4"},
				"up": {"uv": [10, 15, 11, 16], "texture": "#4"},
				"down": {"uv": [10, 15, 11, 16], "texture": "#4"}
			}
		},
		{
			"from": [16, 13, 6],
			"to": [17, 14, 7],
			"faces": {
				"north": {"uv": [10, 15, 11, 16], "rotation": 180, "texture": "#4"},
				"east": {"uv": [10, 15, 11, 16], "rotation": 180, "texture": "#4"},
				"south": {"uv": [10, 15, 11, 16], "rotation": 180, "texture": "#4"},
				"west": {"uv": [10, 15, 11, 16], "rotation": 180, "texture": "#4"},
				"up": {"uv": [10, 15, 11, 16], "rotation": 180, "texture": "#4"},
				"down": {"uv": [10, 15, 11, 16], "rotation": 180, "texture": "#4"}
			}
		},
		{
			"from": [16, 12, 7],
			"to": [17, 13, 9],
			"faces": {
				"north": {"uv": [10, 15, 11, 16], "rotation": 180, "texture": "#4"},
				"east": {"uv": [10, 15, 11, 16], "rotation": 180, "texture": "#4"},
				"south": {"uv": [10, 15, 11, 16], "rotation": 180, "texture": "#4"},
				"west": {"uv": [10, 15, 11, 16], "rotation": 180, "texture": "#4"},
				"up": {"uv": [10, 15, 11, 16], "rotation": 180, "texture": "#4"},
				"down": {"uv": [10, 15, 11, 16], "rotation": 180, "texture": "#4"}
			}
		},
		{
			"from": [16, 13, 9],
			"to": [17, 14, 10],
			"faces": {
				"north": {"uv": [10, 15, 11, 16], "rotation": 180, "texture": "#4"},
				"east": {"uv": [10, 15, 11, 16], "rotation": 180, "texture": "#4"},
				"south": {"uv": [10, 15, 11, 16], "rotation": 180, "texture": "#4"},
				"west": {"uv": [10, 15, 11, 16], "rotation": 180, "texture": "#4"},
				"up": {"uv": [10, 15, 11, 16], "rotation": 180, "texture": "#4"},
				"down": {"uv": [10, 15, 11, 16], "rotation": 180, "texture": "#4"}
			}
		},
		{
			"from": [16, 14, 10],
			"to": [17, 16, 11],
			"faces": {
				"north": {"uv": [10, 15, 11, 16], "rotation": 180, "texture": "#4"},
				"east": {"uv": [10, 15, 11, 16], "rotation": 180, "texture": "#4"},
				"south": {"uv": [10, 15, 11, 16], "rotation": 180, "texture": "#4"},
				"west": {"uv": [10, 15, 11, 16], "rotation": 180, "texture": "#4"},
				"up": {"uv": [10, 15, 11, 16], "rotation": 180, "texture": "#4"},
				"down": {"uv": [10, 15, 11, 16], "rotation": 180, "texture": "#4"}
			}
		},
		{
			"from": [16, 16, 9],
			"to": [17, 17, 10],
			"faces": {
				"north": {"uv": [10, 15, 11, 16], "rotation": 180, "texture": "#4"},
				"east": {"uv": [10, 15, 11, 16], "rotation": 180, "texture": "#4"},
				"south": {"uv": [10, 15, 11, 16], "rotation": 180, "texture": "#4"},
				"west": {"uv": [10, 15, 11, 16], "rotation": 180, "texture": "#4"},
				"up": {"uv": [10, 15, 11, 16], "rotation": 180, "texture": "#4"},
				"down": {"uv": [10, 15, 11, 16], "rotation": 180, "texture": "#4"}
			}
		},
		{
			"from": [17, 16, 7],
			"to": [19, 17, 9],
			"faces": {
				"north": {"uv": [0, 0, 16, 16], "texture": "#3"},
				"east": {"uv": [0, 0, 16, 16], "texture": "#3"},
				"south": {"uv": [0, 0, 16, 16], "texture": "#3"},
				"west": {"uv": [0, 0, 16, 16], "texture": "#3"},
				"up": {"uv": [0, 0, 16, 16], "texture": "#3"},
				"down": {"uv": [0, 0, 16, 16], "texture": "#3"}
			}
		},
		{
			"from": [-3, 16, 7],
			"to": [-1, 17, 9],
			"faces": {
				"north": {"uv": [0, 0, 16, 16], "texture": "#3"},
				"east": {"uv": [0, 0, 16, 16], "texture": "#3"},
				"south": {"uv": [0, 0, 16, 16], "texture": "#3"},
				"west": {"uv": [0, 0, 16, 16], "texture": "#3"},
				"up": {"uv": [0, 0, 16, 16], "texture": "#3"},
				"down": {"uv": [0, 0, 16, 16], "texture": "#3"}
			}
		},
		{
			"from": [17, 14, 6],
			"to": [20, 16, 10],
			"faces": {
				"north": {"uv": [0, 0, 16, 16], "texture": "#3"},
				"east": {"uv": [0, 0, 16, 16], "texture": "#3"},
				"south": {"uv": [0, 0, 16, 16], "texture": "#3"},
				"west": {"uv": [0, 0, 16, 16], "texture": "#3"},
				"up": {"uv": [0, 0, 16, 16], "texture": "#3"},
				"down": {"uv": [0, 0, 16, 16], "texture": "#3"}
			}
		},
		{
			"from": [-4, 14, 6],
			"to": [-1, 16, 10],
			"faces": {
				"north": {"uv": [0, 0, 16, 16], "texture": "#3"},
				"east": {"uv": [0, 0, 16, 16], "texture": "#3"},
				"south": {"uv": [0, 0, 16, 16], "texture": "#3"},
				"west": {"uv": [0, 0, 16, 16], "texture": "#3"},
				"up": {"uv": [0, 0, 16, 16], "texture": "#3"},
				"down": {"uv": [0, 0, 16, 16], "texture": "#3"}
			}
		},
		{
			"from": [17, 13, 7],
			"to": [20, 14, 9],
			"faces": {
				"north": {"uv": [0, 0, 16, 16], "texture": "#3"},
				"east": {"uv": [0, 0, 16, 16], "texture": "#3"},
				"south": {"uv": [0, 0, 16, 16], "texture": "#3"},
				"west": {"uv": [0, 0, 16, 16], "texture": "#3"},
				"up": {"uv": [0, 0, 16, 16], "texture": "#3"},
				"down": {"uv": [0, 0, 16, 16], "texture": "#3"}
			}
		},
		{
			"from": [-4, 13, 7],
			"to": [-1, 14, 9],
			"faces": {
				"north": {"uv": [0, 0, 16, 16], "texture": "#3"},
				"east": {"uv": [0, 0, 16, 16], "texture": "#3"},
				"south": {"uv": [0, 0, 16, 16], "texture": "#3"},
				"west": {"uv": [0, 0, 16, 16], "texture": "#3"},
				"up": {"uv": [0, 0, 16, 16], "texture": "#3"},
				"down": {"uv": [0, 0, 16, 16], "texture": "#3"}
			}
		},
		{
			"from": [22, 19, 6],
			"to": [23, 23, 10],
			"faces": {
				"north": {"uv": [0, 0, 16, 16], "texture": "#3"},
				"east": {"uv": [0, 0, 16, 16], "texture": "#3"},
				"south": {"uv": [0, 0, 16, 16], "texture": "#3"},
				"west": {"uv": [0, 0, 16, 16], "texture": "#3"},
				"up": {"uv": [0, 0, 16, 16], "texture": "#3"},
				"down": {"uv": [0, 0, 16, 16], "texture": "#3"}
			}
		},
		{
			"from": [-7, 19, 6],
			"to": [-6, 23, 10],
			"faces": {
				"north": {"uv": [0, 0, 16, 16], "texture": "#3"},
				"east": {"uv": [0, 0, 16, 16], "texture": "#3"},
				"south": {"uv": [0, 0, 16, 16], "texture": "#3"},
				"west": {"uv": [0, 0, 16, 16], "texture": "#3"},
				"up": {"uv": [0, 0, 16, 16], "texture": "#3"},
				"down": {"uv": [0, 0, 16, 16], "texture": "#3"}
			}
		},
		{
			"from": [19, 16, 6],
			"to": [20, 17, 10],
			"faces": {
				"north": {"uv": [0, 0, 16, 16], "texture": "#3"},
				"east": {"uv": [0, 0, 16, 16], "texture": "#3"},
				"south": {"uv": [0, 0, 16, 16], "texture": "#3"},
				"west": {"uv": [0, 0, 16, 16], "texture": "#3"},
				"up": {"uv": [0, 0, 16, 16], "texture": "#3"},
				"down": {"uv": [0, 0, 16, 16], "texture": "#3"}
			}
		},
		{
			"from": [-4, 16, 6],
			"to": [-3, 17, 10],
			"faces": {
				"north": {"uv": [0, 0, 16, 16], "texture": "#3"},
				"east": {"uv": [0, 0, 16, 16], "texture": "#3"},
				"south": {"uv": [0, 0, 16, 16], "texture": "#3"},
				"west": {"uv": [0, 0, 16, 16], "texture": "#3"},
				"up": {"uv": [0, 0, 16, 16], "texture": "#3"},
				"down": {"uv": [0, 0, 16, 16], "texture": "#3"}
			}
		},
		{
			"from": [20, 15, 6],
			"to": [21, 19, 10],
			"faces": {
				"north": {"uv": [0, 0, 16, 16], "texture": "#3"},
				"east": {"uv": [0, 0, 16, 16], "texture": "#3"},
				"south": {"uv": [0, 0, 16, 16], "texture": "#3"},
				"west": {"uv": [0, 0, 16, 16], "texture": "#3"},
				"up": {"uv": [0, 0, 16, 16], "texture": "#3"},
				"down": {"uv": [0, 0, 16, 16], "texture": "#3"}
			}
		},
		{
			"from": [-5, 15, 6],
			"to": [-4, 19, 10],
			"faces": {
				"north": {"uv": [0, 0, 16, 16], "texture": "#3"},
				"east": {"uv": [0, 0, 16, 16], "texture": "#3"},
				"south": {"uv": [0, 0, 16, 16], "texture": "#3"},
				"west": {"uv": [0, 0, 16, 16], "texture": "#3"},
				"up": {"uv": [0, 0, 16, 16], "texture": "#3"},
				"down": {"uv": [0, 0, 16, 16], "texture": "#3"}
			}
		},
		{
			"from": [21, 17, 6],
			"to": [22, 22, 10],
			"faces": {
				"north": {"uv": [0, 0, 16, 16], "texture": "#3"},
				"east": {"uv": [0, 0, 16, 16], "texture": "#3"},
				"south": {"uv": [0, 0, 16, 16], "texture": "#3"},
				"west": {"uv": [0, 0, 16, 16], "texture": "#3"},
				"up": {"uv": [0, 0, 16, 16], "texture": "#3"},
				"down": {"uv": [0, 0, 16, 16], "texture": "#3"}
			}
		},
		{
			"from": [-6, 17, 6],
			"to": [-5, 22, 10],
			"faces": {
				"north": {"uv": [0, 0, 16, 16], "texture": "#3"},
				"east": {"uv": [0, 0, 16, 16], "texture": "#3"},
				"south": {"uv": [0, 0, 16, 16], "texture": "#3"},
				"west": {"uv": [0, 0, 16, 16], "texture": "#3"},
				"up": {"uv": [0, 0, 16, 16], "texture": "#3"},
				"down": {"uv": [0, 0, 16, 16], "texture": "#3"}
			}
		},
		{
			"from": [19, 17, 7],
			"to": [20, 19, 9],
			"faces": {
				"north": {"uv": [0, 0, 16, 16], "texture": "#3"},
				"east": {"uv": [0, 0, 16, 16], "texture": "#3"},
				"south": {"uv": [0, 0, 16, 16], "texture": "#3"},
				"west": {"uv": [0, 0, 16, 16], "texture": "#3"},
				"up": {"uv": [0, 0, 16, 16], "texture": "#3"},
				"down": {"uv": [0, 0, 16, 16], "texture": "#3"}
			}
		},
		{
			"from": [-4, 17, 7],
			"to": [-3, 19, 9],
			"faces": {
				"north": {"uv": [0, 0, 16, 16], "texture": "#3"},
				"east": {"uv": [0, 0, 16, 16], "texture": "#3"},
				"south": {"uv": [0, 0, 16, 16], "texture": "#3"},
				"west": {"uv": [0, 0, 16, 16], "texture": "#3"},
				"up": {"uv": [0, 0, 16, 16], "texture": "#3"},
				"down": {"uv": [0, 0, 16, 16], "texture": "#3"}
			}
		},
		{
			"from": [23, 19, 7],
			"to": [24, 22, 9],
			"faces": {
				"north": {"uv": [0, 0, 16, 16], "texture": "#3"},
				"east": {"uv": [0, 0, 16, 16], "texture": "#3"},
				"south": {"uv": [0, 0, 16, 16], "texture": "#3"},
				"west": {"uv": [0, 0, 16, 16], "texture": "#3"},
				"up": {"uv": [0, 0, 16, 16], "texture": "#3"},
				"down": {"uv": [0, 0, 16, 16], "texture": "#3"}
			}
		},
		{
			"from": [-8, 19, 7],
			"to": [-7, 22, 9],
			"faces": {
				"north": {"uv": [0, 0, 16, 16], "texture": "#3"},
				"east": {"uv": [0, 0, 16, 16], "texture": "#3"},
				"south": {"uv": [0, 0, 16, 16], "texture": "#3"},
				"west": {"uv": [0, 0, 16, 16], "texture": "#3"},
				"up": {"uv": [0, 0, 16, 16], "texture": "#3"},
				"down": {"uv": [0, 0, 16, 16], "texture": "#3"}
			}
		},
		{
			"from": [22, 23, 7],
			"to": [23, 24, 9],
			"rotation": {"angle": 0, "axis": "y", "origin": [7, 12, 8]},
			"faces": {
				"north": {"uv": [0, 0, 16, 16], "texture": "#3"},
				"east": {"uv": [0, 0, 16, 16], "texture": "#3"},
				"south": {"uv": [0, 0, 16, 16], "texture": "#3"},
				"west": {"uv": [0, 0, 16, 16], "texture": "#3"},
				"up": {"uv": [0, 0, 16, 16], "texture": "#3"},
				"down": {"uv": [0, 0, 16, 16], "texture": "#3"}
			}
		},
		{
			"from": [-7, 23, 7],
			"to": [-6, 24, 9],
			"rotation": {"angle": 0, "axis": "y", "origin": [9, 12, 8]},
			"faces": {
				"north": {"uv": [0, 0, 16, 16], "texture": "#3"},
				"east": {"uv": [0, 0, 16, 16], "texture": "#3"},
				"south": {"uv": [0, 0, 16, 16], "texture": "#3"},
				"west": {"uv": [0, 0, 16, 16], "texture": "#3"},
				"up": {"uv": [0, 0, 16, 16], "texture": "#3"},
				"down": {"uv": [0, 0, 16, 16], "texture": "#3"}
			}
		},
		{
			"from": [22, 17, 7],
			"to": [23, 19, 9],
			"faces": {
				"north": {"uv": [0, 0, 16, 16], "texture": "#3"},
				"east": {"uv": [0, 0, 16, 16], "texture": "#3"},
				"south": {"uv": [0, 0, 16, 16], "texture": "#3"},
				"west": {"uv": [0, 0, 16, 16], "texture": "#3"},
				"up": {"uv": [0, 0, 16, 16], "texture": "#3"},
				"down": {"uv": [0, 0, 16, 16], "texture": "#3"}
			}
		},
		{
			"from": [-7, 17, 7],
			"to": [-6, 19, 9],
			"faces": {
				"north": {"uv": [0, 0, 16, 16], "texture": "#3"},
				"east": {"uv": [0, 0, 16, 16], "texture": "#3"},
				"south": {"uv": [0, 0, 16, 16], "texture": "#3"},
				"west": {"uv": [0, 0, 16, 16], "texture": "#3"},
				"up": {"uv": [0, 0, 16, 16], "texture": "#3"},
				"down": {"uv": [0, 0, 16, 16], "texture": "#3"}
			}
		},
		{
			"from": [21, 15, 7],
			"to": [22, 23, 9],
			"faces": {
				"north": {"uv": [0, 0, 16, 16], "texture": "#3"},
				"east": {"uv": [0, 0, 16, 16], "texture": "#3"},
				"south": {"uv": [0, 0, 16, 16], "texture": "#3"},
				"west": {"uv": [0, 0, 16, 16], "texture": "#3"},
				"up": {"uv": [0, 0, 16, 16], "texture": "#3"},
				"down": {"uv": [0, 0, 16, 16], "texture": "#3"}
			}
		},
		{
			"from": [-6, 15, 7],
			"to": [-5, 23, 9],
			"faces": {
				"north": {"uv": [0, 0, 16, 16], "texture": "#3"},
				"east": {"uv": [0, 0, 16, 16], "texture": "#3"},
				"south": {"uv": [0, 0, 16, 16], "texture": "#3"},
				"west": {"uv": [0, 0, 16, 16], "texture": "#3"},
				"up": {"uv": [0, 0, 16, 16], "texture": "#3"},
				"down": {"uv": [0, 0, 16, 16], "texture": "#3"}
			}
		},
		{
			"from": [20, 14, 7],
			"to": [21, 22, 9],
			"faces": {
				"north": {"uv": [0, 0, 16, 16], "texture": "#3"},
				"east": {"uv": [0, 0, 16, 16], "texture": "#3"},
				"south": {"uv": [0, 0, 16, 16], "texture": "#3"},
				"west": {"uv": [0, 0, 16, 16], "texture": "#3"},
				"up": {"uv": [0, 0, 16, 16], "texture": "#3"},
				"down": {"uv": [0, 0, 16, 16], "texture": "#3"}
			}
		},
		{
			"from": [-5, 14, 7],
			"to": [-4, 22, 9],
			"faces": {
				"north": {"uv": [0, 0, 16, 16], "texture": "#3"},
				"east": {"uv": [0, 0, 16, 16], "texture": "#3"},
				"south": {"uv": [0, 0, 16, 16], "texture": "#3"},
				"west": {"uv": [0, 0, 16, 16], "texture": "#3"},
				"up": {"uv": [0, 0, 16, 16], "texture": "#3"},
				"down": {"uv": [0, 0, 16, 16], "texture": "#3"}
			}
		}
	]
}